,test_statistic,p,-log2(p),PH_OK
C0_vs_C2,0.3028122086235296,0.5821247661897251,0.7805996972997652,True
C1_vs_C2,317.72835066326553,4.526068023875126e-71,233.6786364694616,False
C3_vs_C2,177.62522196743515,1.5993715252162162e-40,132.19961868761587,False
C4_vs_C2,1093.737267420507,7.586779109564023e-240,794.3392552389583,False
age_first,273.33660080632205,2.1268059364977235e-61,201.5489253896332,False
is_male,119.73728598146916,7.221872019308868e-28,90.16161380271086,False
